element_start,bh_battle_token,ArenaModifier
m_DurationAmount,1,
m_DurationType,round_end,
m_ActorDataTags,hero,
enter_actor_apply_limit_effects,remove_all_torso_target,
m_EnterActorEffectsApplyLimit,1,
element_end

element_start,bh_battle_token,Effect
m_Chance,1,
m_ArenaModifierStartId,bh_battle_token,
all_conditions,enemy_party_contains_1_bh_boss,
element_end

element_start,enemy_party_contains_1_bh_boss,Condition
m_ConditionType,tag,
m_ConditionActorType,MONSTERS,
m_ConditionString,bh_mini,
m_ConditionNumber,1,
m_ConditionNumberType,EQUAL,
element_end

#bh battle sequence

element_start,bh_mini_boss,BattleConfiguration
m_Chance,1,
m_RunDataStatsId,no_retreat,
m_EnemyActors,shared_pillager_melee,bounty_hunter_boss,shared_pillager_firemouth,shared_pillager_ranged,
m_CompleteLootTables,bh_rewards_all,
m_CompleteStoryLootTables,bh_rewards_all,
actorless_round_start_effects,bh_battle_token,
m_IsRollBattleModifier,True,
m_IsBattleEndAtRoundInvalidating,True,
element_end


element_start,bh_rewards_all,LootTable
m_chances,1,
m_qtys,1,
m_ids,bh_rewards,
m_types,all_sub_table,
element_end

element_start,bh_rewards,LootTable
m_chances,1,1,1,1,1,1,
m_qtys,1,1,1,1,1,1,
m_ids,gold_lot,baubles_lot,hero_point_one,doom_minus_two,SUPPLIES_RANDOM,TRINKETS_BH_BOSS,
m_types,sub_table,sub_table,sub_table,sub_table,sub_table,sub_table,
m_tags,,,,TRINKET_CHC,
m_conditions,,,,,
element_end



element_start,TRINKETS_BH_BOSS,LootTable
m_chances,1,1,1
m_qtys,1,1,0,
m_ids,trinket_bh_talon,trinket_bh_planned,nothing,
m_types,item,item,nothing,
m_tags,
m_conditions,
element_end

## battles



element_start,biome_cave_mashes_road,BattleConfigurationTable
m_chances,0,14,7,1,1,2,3,1,1,12,
m_ids,swine_mashes_easy,swine_mashes_normal,swine_mashes_hard,shambler,collector,collector,collector,collector,collector_mash,bh_mini_boss,
m_types,sub_table,sub_table,sub_table,battle_config,battle_config,battle_config,battle_config,battle_config,sub_table,battle_config,
m_tags,
m_conditions,biome_typical_less_than_or_equal_to_2,,biome_typical_equal_or_greater_than_2,shambler_torch_threshold+biome_typical_equal_or_greater_than_2,heroes_have_trophy_inventory_1,heroes_have_trophy_inventory_2,heroes_have_trophy_inventory_3,heroes_have_trophy_equipped,stagecoach_has_collectors_chandelier_equipped,party_has_bh_indictment,
element_end

element_start,gaunt_mashes_random,BattleConfigurationTable
m_chances,0,0,0,6,6,6,6,6,6,6,6,6,6,2,2,2,2,2,2,2,2,4,4,8,12,4,4,40,
m_ids,gaunt_mash_1,gaunt_mash_2,gaunt_mash_3,gaunt_mash_4,gaunt_mash_5,gaunt_mash_6,gaunt_mash_7,gaunt_mash_8,gaunt_mash_9,gaunt_mash_10,gaunt_mash_11,gaunt_mash_12,gaunt_mash_13,gaunt_ghoul_normal_1,gaunt_ghoul_normal_2,gaunt_ghoul_normal_3,gaunt_ghoul_hard_1,gaunt_ghoul_hard_2,gaunt_ghoul_hard_3,gaunt_ghoul_hard_4,gaunt_ghoul_hard_5,shambler,collector,collector,collector,collector,collector_mash,bh_mini_boss,
m_types,battle_config,battle_config,battle_config,battle_config,battle_config,battle_config,battle_config,battle_config,battle_config,battle_config,battle_config,battle_config,battle_config,battle_config,battle_config,battle_config,battle_config,battle_config,battle_config,battle_config,battle_config,battle_config,battle_config,battle_config,battle_config,battle_config,sub_table,battle_config,
m_tags,
m_conditions,,,,,,,,,,,,,,biome_typical_equal_or_greater_than_2,biome_typical_equal_or_greater_than_2,biome_typical_equal_or_greater_than_2,biome_typical_equal_or_greater_than_2,biome_typical_equal_or_greater_than_2,biome_typical_equal_or_greater_than_2,biome_typical_equal_or_greater_than_2,biome_typical_equal_or_greater_than_2,shambler_torch_threshold+biome_typical_equal_or_greater_than_2,heroes_have_trophy_inventory_1,heroes_have_trophy_inventory_2,heroes_have_trophy_inventory_3,heroes_have_trophy_equipped,stagecoach_has_collectors_chandelier_equipped,party_has_bh_indictment,
element_end


element_start,pillagers_region_1,BattleConfigurationTable
m_chances,0,19,1,2,3,1,1,10,
m_ids,pillager_mashes_easy,pillager_mashes_normal,collector,collector,collector,collector,collector_mash,bh_mini_boss,
m_types,sub_table,sub_table,battle_config,battle_config,battle_config,battle_config,sub_table,battle_config,
m_tags,
m_conditions,,,heroes_have_trophy_inventory_1,heroes_have_trophy_inventory_2,heroes_have_trophy_inventory_3,heroes_have_trophy_equipped,stagecoach_has_collectors_chandelier_equipped,party_has_bh_indictment,
element_end


element_start,pillagers_region_2,BattleConfigurationTable
m_chances,0,9,9,1,1,2,3,1,1,10,
m_ids,pillager_mashes_easy,pillager_mashes_normal,pillager_mashes_hard,shambler,collector,collector,collector,collector,collector_mash,bh_mini_boss,
m_types,sub_table,sub_table,sub_table,battle_config,battle_config,battle_config,battle_config,battle_config,sub_table,battle_config,
m_tags,
m_conditions,,,,shambler_torch_threshold+biome_typical_equal_or_greater_than_2,heroes_have_trophy_inventory_1,heroes_have_trophy_inventory_2,heroes_have_trophy_inventory_3,heroes_have_trophy_equipped,stagecoach_has_collectors_chandelier_equipped,party_has_bh_indictment,
element_end


element_start,pillagers_region_3,BattleConfigurationTable
m_chances,6,12,1,1,2,3,1,1,10,
m_ids,pillager_mashes_normal,pillager_mashes_hard,shambler,collector,collector,collector,collector,collector_mash,bh_mini_boss,
m_types,sub_table,sub_table,battle_config,battle_config,battle_config,battle_config,battle_config,sub_table,battle_config,
m_tags,
m_conditions,,,shambler_torch_threshold+biome_typical_equal_or_greater_than_2,heroes_have_trophy_inventory_1,heroes_have_trophy_inventory_2,heroes_have_trophy_inventory_3,heroes_have_trophy_equipped,stagecoach_has_collectors_chandelier_equipped,party_has_bh_indictment,
element_end


element_start,pillager_mashes_hard,BattleConfigurationTable
m_chances,10,10,4,4,4,4,10,10,10,10,4,4,4,4,4,4,2,37,
m_ids,pillager_mash_301,pillager_mash_302,pillager_mash_303,pillager_mash_304,pillager_mash_305,pillager_mash_306,pillager_mash_307,pillager_mash_308,pillager_mash_309,pillager_mash_310,pillager_mash_antiq_1,pillager_mash_antiq_2,pillager_mash_antiq_3,pillager_mash_antiq_4,pillager_mash_antiq_5,pillager_mash_antiq_6,shambler,bh_mini_boss,
m_types,battle_config,battle_config,battle_config,battle_config,battle_config,battle_config,battle_config,battle_config,battle_config,battle_config,battle_config,battle_config,battle_config,battle_config,battle_config,battle_config,battle_config,battle_config,
m_tags,
m_conditions,biome_typical_equal_or_greater_than_2,biome_typical_equal_or_greater_than_2,biome_typical_equal_or_greater_than_2,biome_typical_equal_or_greater_than_2,biome_typical_equal_or_greater_than_2,biome_typical_equal_or_greater_than_2,biome_typical_equal_or_greater_than_2,biome_typical_equal_or_greater_than_2,biome_typical_equal_or_greater_than_2,biome_typical_equal_or_greater_than_2,antiq_inventory_threshold+biome_typical_equal_or_greater_than_2+run_boss_is_not_brain,antiq_inventory_threshold+biome_typical_equal_or_greater_than_2+run_boss_is_not_brain,antiq_inventory_threshold+biome_typical_equal_or_greater_than_2+run_boss_is_not_brain,antiq_inventory_threshold+biome_typical_equal_or_greater_than_2+run_boss_is_not_brain,antiq_inventory_threshold+biome_typical_equal_or_greater_than_2+run_boss_is_not_brain,antiq_inventory_threshold+biome_typical_equal_or_greater_than_2+run_boss_is_not_brain,shambler_torch_threshold+biome_typical_equal_or_greater_than_2,party_has_bh_indictment,
element_end


element_start,pillager_mashes_normal,BattleConfigurationTable
m_chances,40,30,30,20,30,30,20,71,
m_ids,pillager_mash_201,pillager_mash_202,pillager_mash_203,pillager_mash_204,pillager_mash_205,pillager_mash_206,pillager_mash_antiq_1,bh_mini_boss,
m_types,battle_config,battle_config,battle_config,battle_config,battle_config,battle_config,battle_config,battle_config,
m_tags,
m_conditions,,,,,,,antiq_inventory_threshold+biome_typical_equal_or_greater_than_2+run_boss_is_not_brain,party_has_bh_indictment,
element_end