element_start,assist_bh_item,StoryChoice
m_AnyTags,Assist,
m_DrawTags,assist_mandatory,assist_basic,
m_Chance,10,
m_AlignmentId,BASIC_HELP,
m_PlayerStoryChoicePreviewIds,icon_story_torch_Preview,icon_story_rest_loot_Preview,
m_PlayerStoryChoicePreviewValues,30,30,
m_PlayerStoryChoicePreviewShowNumbers,True,False,
m_ResultType,DRIVING,
m_ResultLootIds,assist_reward_standard_torch,bh_indictment_item,
element_end


element_start,trinkets_curio_familiar_desk,LootTable
m_chances,2,1,1,
m_qtys,1,1,1,
m_ids,trinket_curio_blood_smeared_calculations,TRINKETS_HERO_ALL,bh_indictment_item,
m_types,item,sub_table,sub_table,
m_tags,
m_conditions,
element_end

element_start,curio_familiar_desk_books,LootTable
m_chances,1,1,1,
m_qtys,1,1,1,
m_ids,SC_UPGRADES_GUIDEBOOKS,REST_ITEMS_BOOKS,bh_indictment_item,
m_types,sub_table,sub_table,sub_table,
m_tags,
m_conditions,
element_end

element_start,trinkets_curio_sealed_doorway,LootTable
m_chances,1,1,1,
m_qtys,1,1,1,
m_ids,TRINKETS_CULTIST,trinket_curio_murder_weapon,bh_indictment_item,
m_types,sub_table,item,sub_table,
m_tags,
m_conditions,
element_end

element_start,curio_sealed_doorway_food,LootTable
m_chances,3,2,
m_qtys,1,1,
m_ids,tinned_preserves,bh_indictment_item,
m_types,item,sub_table,
element_end