element_start,bh_bark_collect_bounty_1,Effect
m_Chance,0.5,
m_BarkId,collect_bounty_1,
m_IsVisible,False,
element_end

element_start,bh_bark_collect_bounty_2,Effect
m_Chance,0.5,
m_BarkId,collect_bounty_2,
m_IsVisible,False,
element_end

element_start,bh_bark_collect_bounty_3,Effect
m_Chance,0.5,
m_BarkId,collect_bounty_3,
m_IsVisible,False,
element_end

element_start,bh_bark_collect_bounty_4,Effect
m_Chance,0.5,
m_BarkId,collect_bounty_4,
m_IsVisible,False,
element_end

element_start,bh_bark_collect_bounty_5,Effect
m_Chance,0.5,
m_BarkId,collect_bounty_5,
m_IsVisible,False,
element_end



element_start,bh_bark_mark_1,Effect
m_Chance,0.5,
m_BarkId,mark_1,
m_IsVisible,False,
element_end

element_start,bh_bark_mark_2,Effect
m_Chance,0.5,
m_BarkId,mark_2,
m_IsVisible,False,
element_end

element_start,bh_bark_mark_3,Effect
m_Chance,0.5,
m_BarkId,mark_3,
m_IsVisible,False,
element_end

element_start,bh_bark_mark_4,Effect
m_Chance,0.5,
m_BarkId,mark_4,
m_IsVisible,False,
element_end

element_start,bh_bark_mark_5,Effect
m_Chance,0.5,
m_BarkId,mark_5,
m_IsVisible,False,
element_end



element_start,bh_bark_come_1,Effect
m_Chance,0.5,
m_BarkId,come_1,
m_IsVisible,False,
element_end

element_start,bh_bark_come_2,Effect
m_Chance,0.5,
m_BarkId,come_2,
m_IsVisible,False,
element_end

element_start,bh_bark_come_3,Effect
m_Chance,0.5,
m_BarkId,come_3,
m_IsVisible,False,
element_end

element_start,bh_bark_come_4,Effect
m_Chance,0.5,
m_BarkId,come_4,
m_IsVisible,False,
element_end

element_start,bh_bark_come_5,Effect
m_Chance,0.5,
m_BarkId,come_5,
m_IsVisible,False,
element_end



element_start,bh_bark_uppercut_1,Effect
m_Chance,0.5,
m_BarkId,uppercut_1,
m_IsVisible,False,
element_end

element_start,bh_bark_uppercut_2,Effect
m_Chance,0.5,
m_BarkId,uppercut_2,
m_IsVisible,False,
element_end



element_start,bh_bark_flash_1,Effect
m_Chance,0.5,
m_BarkId,flash_1,
m_IsVisible,False,
element_end

element_start,bh_bark_flash_2,Effect
m_Chance,0.5,
m_BarkId,flash_2,
m_IsVisible,False,
element_end



element_start,bh_bark_finish_1,Effect
m_Chance,0.5,
m_BarkId,finish_1,
m_IsVisible,False,
element_end

element_start,bh_bark_finish_2,Effect
m_Chance,0.5,
m_BarkId,finish_2,
m_IsVisible,False,
element_end

element_start,bh_bark_finish_3,Effect
m_Chance,0.5,
m_BarkId,finish_3,
m_IsVisible,False,
element_end

element_start,bh_bark_finish_4,Effect
m_Chance,0.5,
m_BarkId,finish_4,
m_IsVisible,False,
element_end

element_start,bh_bark_finish_5,Effect
m_Chance,0.5,
m_BarkId,finish_5,
m_IsVisible,False,
element_end


element_start,bh_bark_hurl_1,Effect
m_Chance,0.5,
m_BarkId,hurl_1,
m_IsVisible,False,
element_end

element_start,bh_bark_hurl_2,Effect
m_Chance,0.5,
m_BarkId,hurl_2,
m_IsVisible,False,
element_end



element_start,bh_bark_escape_1,Effect
m_Chance,0.5,
m_BarkId,escape_1,
m_IsVisible,False,
element_end

element_start,bh_bark_escape_2,Effect
m_Chance,0.5,
m_BarkId,escape_2,
m_IsVisible,False,
element_end



element_start,bh_bark_guard_1,Effect
m_Chance,0.5,
m_BarkId,guard_1,
m_IsVisible,False,
element_end

element_start,bh_bark_guard_2,Effect
m_Chance,0.5,
m_BarkId,guard_2,
m_IsVisible,False,
element_end

element_start,bh_bark_guard_3,Effect
m_Chance,0.5,
m_BarkId,guard_3,
m_IsVisible,False,
element_end

element_start,bh_bark_guard_4,Effect
m_Chance,0.5,
m_BarkId,guard_4,
m_IsVisible,False,
element_end

element_start,bh_bark_guard_5,Effect
m_Chance,0.5,
m_BarkId,guard_5,
m_IsVisible,False,
element_end



element_start,bh_bark_caltrops_1,Effect
m_Chance,0.5,
m_BarkId,caltrops_1,
m_IsVisible,False,
element_end

element_start,bh_bark_caltrops_2,Effect
m_Chance,0.5,
m_BarkId,caltrops_2,
m_IsVisible,False,
element_end



element_start,bh_bark_after_them_1,Effect
m_Chance,0.5,
m_BarkId,bh_boss_after_them_1,
m_IsVisible,False,
element_end



element_start,bh_bark_combat_start,Effect
m_Chance,0.5,
m_BarkId,bh_start,
m_IsVisible,False,
element_end

element_start,bh_bark_hero_guard_1,Effect
m_Chance,0.5,
m_BarkId,hero_guard_1,
m_IsVisible,False,
element_end
