element_start,bounty_hunter_boss_corpse,ActorDataClass,
m_Tags,corpse,
m_IsBattleComplete,True,
m_ClearContainerTypes,BuffContainer,TokenContainer,DotContainer,
m_Size,1,
m_IgnoredSkillAttributeTypes,TOKEN_ADD,BUFF_ADD,QUIRK_ADD,
m_IsTickTriggerValid,False,
m_SkillBlockId,corpse,
m_DeathRound,3,
m_TokenViewValid,False,
m_IsEffectsReasonValid,False,
element_end

element_start,bounty_hunter_boss_corpse,ActorDataStats
key_map,health_max,
add_stats,21,
sub_stat,resistance,stun,0.5,
sub_stat,resistance,blight,0.2,
sub_stat,resistance,bleed,0.4,
sub_stat,resistance,burn,0.2,
sub_stat,resistance,disease,0.6,
sub_stat,resistance,move,0.4,
sub_stat,resistance,debuff,0.3,
element_end

element_start,bounty_hunter_boss,ActorDataClass
m_Tags,monster,boss,brain_blessing,lungs_blessing,eyes_blessing,arms_blessing,final_blessing,bh_mini,
m_Size,1,
m_IsTickTriggerValid,True,
m_LocalizationGender,male,
m_DefaultActorDataPathId,wanderer,
m_ReserveActorDataPathId,reserve,
m_ResistMinOverrides,death,0.33,
m_IsStallCounted,True,
m_IsRelationshipValid,True,
m_DeathLootIds,
m_QuirkContainerId,roster_quirk_container,
m_IsActoutValid,True,
m_EquippedCombatSkillLimit,11,
element_end

element_start,bounty_hunter_boss,ActorDataStats
key_map,health_max,speed,deaths_door_chance,speed_number_of_turns,health_heal_percent_between_nodes,route_choice_chance,
add_stats,75,4,1,3,0.1,0.67
sub_stat,resistance,stun,0.3,
sub_stat,resistance,blight,0.3,
sub_stat,resistance,bleed,0.3,
sub_stat,resistance,burn,0.3,
sub_stat,resistance,disease,0.3,
sub_stat,resistance,move,0.5,
sub_stat,resistance,debuff,0.3,
sub_stat,resistance,death,0.25,
sub_stat,route_choice_preference,Bridge,1,
sub_stat,route_choice_preference,Cache,1,
sub_stat,route_choice_preference,StoryCultist,1,
sub_stat,route_choice_preference,Dungeon,1,
sub_stat,route_choice_preference,Gate,1,
sub_stat,route_choice_preference,HeroSelect,1,
sub_stat,route_choice_preference,Hospital,1,
sub_stat,route_choice_preference,Inn,1,
sub_stat,route_choice_preference,Store,1,
sub_stat,route_choice_preference,StoryAssist,1,
sub_stat,route_choice_preference,StoryCosmic,1,
sub_stat,route_choice_preference,StoryHero,1,
sub_stat,route_choice_preference,StoryHeroReplacement,1,
sub_stat,route_choice_preference,StoryResist,1,
sub_stat,route_choice_preference,Unknown,1,
sub_stat,route_choice_preference,WatchTower,1,
sub_stat,route_choice_preference,Oasis,1,
sub_stat,route_choice_preference,CreatureDen,1,
element_end

element_start,bounty_hunter_boss_corpse,ResourceActorInherit
Inherit,shared_pillager_antiquarian_corpse,
Scale,bounty_hunter_boss,1,
element_end

element_start,bounty_hunter_boss,ResourceActorInherit
Inherit,bounty_hunter,
m_PopulateInRoster,True,
Scale,bounty_hunter_boss,1,
Audio,bounty_hunter_boss,event:/actors/heroes/bounty_hunter/
m_NormalIcon,antibwport,
m_ColorPortrait,antiquarian_icon,
m_BWPortrait,antiquarian_bw,
m_ClassAltarPortrait,antiquarian_icon,
m_ClassAltarPortraitBW,antiquarian_bw,
m_StoryPortrait,anti900s,
m_CharSheetPortrait,anti900s,
m_StartingCombatSkills,bh_boss_collect_bounty,bh_boss_mark_for_death,bh_boss_come_hither,bh_boss_uppercut,bh_boss_flashbang,bh_boss_finish_him,bh_boss_hurlbat,bh_boss_no_escape,bh_boss_bodyguard,bh_boss_after_them,bh_boss_caltrops,
m_CanonicalName,Bounty Hunter,
m_SubClasses,bounty_hunter_boss_corpse,
m_DeathClassResource,bounty_hunter_boss_corpse,
element_end

element_start,bounty_hunter_boss,ActorDataEffects
spawn_effects,bh_bark_combat_start,bh_class_combo_manager_e,
turn_skip_effects,stun_temp_resist_buff_e,
roster_status_exit_effects,hire_replaced_heal,hire_replaced_stress_heal,
deaths_door_survive_effects,deathblow_chance_shaping_heroes_e,
combat_start_effects,add_1_logic_a,
element_end

## bh hp condition

element_start,bh_health_scared,Condition
m_ConditionType,health_percent,
m_ConditionActorType,PERFORMER,
m_ConditionNumber,0.33,
m_ConditionNumberType,LESS_THAN_OR_EQUAL,
element_end

element_start,bh_health_not_scared,Condition
m_ConditionType,health_percent,
m_ConditionActorType,PERFORMER,
m_ConditionNumber,0.33,
m_ConditionNumberType,GREATER_THAN_OR_EQUAL,
element_end

## target_has_torso_target


element_start,bh_boss_collect_bounty,ActorDataSkill
m_IsFriendly,False,
launch_ranks,1,2,3,
target_ranks,1,2,
m_IsMultiHit,False,
m_CanBeRiposted,True,
m_AverageRankIgnored,False,
m_ValidActOutTypes,skill_before,skill_after,skill_additional,
m_Tags,melee,combo_skill,bh_collect_bounty,
performer_buffs,bh_combo_damage_boost_50pct,
m_IsStallInvalidating,True,
m_AnyConditionIds,target_has_torso_target,bh_health_scared,
token_ignores,til_ignore_stealth,
element_end

element_start,bh_boss_collect_bounty,ActorDataStats
key_map,health_damage,health_damage_range,crit_chance,
add_stats,8,4,0.05,
element_end

element_start,bh_boss_collect_bounty,ActorDataEffects
performer_apply_limit_effects,bh_bark_collect_bounty_1,bh_bark_collect_bounty_2,bh_bark_collect_bounty_3,bh_bark_collect_bounty_4,bh_bark_collect_bounty_5,
performer_apply_limit,1,
performer_effects,count_minus_1,
target_effects,end_combo,
element_end



element_start,bh_boss_mark_for_death,ActorDataSkill
m_IsFriendly,False,
launch_ranks,1,2,3,4,
target_ranks,1,2,3,4,
m_IsMultiHit,False,
m_Cooldown,1,
m_AverageRankIgnored,False,
m_ValidActOutTypes,skill_before,skill_after,skill_additional,
token_ignores,til_unavoidable,til_ignore_dodge,til_ignore_guard,til_nondamaging_attack,til_ignore_blind,
m_Tags,ranged,bh_mark_for_death,
m_IsStallInvalidating,False,
m_AllConditionIds,target_is_not_corpse_hidden,bh_health_not_scared,
m_Type,start_round,
element_end

element_start,bh_boss_mark_for_death,ActorDataStats
key_map,crit_chance,
add_stats,0.05,
element_end

element_start,bh_boss_mark_for_death,ActorDataEffects
performer_apply_limit_effects,bh_bark_mark_1,bh_bark_mark_2,bh_bark_mark_3,bh_bark_mark_4,bh_bark_mark_5,
performer_apply_limit,1,
target_effects,add_1_torso_target,prime_combo,bh_bark_hero_guard,
element_end



element_start,bh_boss_come_hither,ActorDataSkill
m_IsFriendly,False,
launch_ranks,1,2,
target_ranks,3,4,
m_IsMultiHit,False,
m_CanBeRiposted,True,
m_AverageRankIgnored,False,
m_ValidActOutTypes,skill_before,skill_after,skill_additional,
m_Tags,ranged,bh_come_hither,
m_IsStallInvalidating,True,
m_AnyConditionIds,target_has_torso_target,bh_health_scared,
token_ignores,til_ignore_stealth,
element_end

element_start,bh_boss_come_hither,ActorDataStats
key_map,health_damage,health_damage_range,crit_chance,
add_stats,2,2,0.1,
element_end

element_start,bh_boss_come_hither,ActorDataEffects
performer_apply_limit_effects,bh_bark_come_1,bh_bark_come_2,bh_bark_come_3,bh_bark_come_4,bh_bark_come_5,
performer_apply_limit,1,
performer_effects,count_minus_1,
target_effects,prime_combo,move_pull_2,
element_end



element_start,bh_boss_uppercut,ActorDataSkill
m_IsFriendly,False,
launch_ranks,1,2,
target_ranks,1,2,
m_IsMultiHit,False,
m_Cooldown,4,
m_CanBeRiposted,True,
m_AverageRankIgnored,False,
m_ValidActOutTypes,skill_before,skill_after,skill_additional,
m_Tags,melee,bh_uppercut,
m_IsStallInvalidating,True,
m_AnyConditionIds,target_has_torso_target,bh_health_scared,
token_ignores,til_ignore_stealth,
element_end

element_start,bh_boss_uppercut,ActorDataStats
key_map,health_damage,health_damage_range,crit_chance,
add_stats,2,2,0.05,
element_end

element_start,bh_boss_uppercut,ActorDataEffects
performer_apply_limit_effects,bh_bark_uppercut_1,bh_bark_uppercut_2,
performer_apply_limit,1,
performer_effects,count_plus_2,
target_effects,add_1_stun,move_knockback_1,
element_end



element_start,bh_boss_flashbang,ActorDataSkill
m_IsFriendly,False,
launch_ranks,2,3,4,
target_ranks,1,2,3,
m_IsMultiHit,False,
m_Cooldown,4,
m_AverageRankIgnored,False,
m_ValidActOutTypes,skill_before,skill_after,skill_additional,
token_ignores,til_nondamaging_attack,
m_Tags,ranged,combo_skill,bh_flashbang,
m_IsStallInvalidating,False,
m_AnyConditionIds,target_has_torso_target,bh_health_scared,
token_ignores,til_ignore_stealth,
element_end

element_start,bh_boss_flashbang,ActorDataStats
key_map,crit_chance,
add_stats,0.05,
element_end

element_start,bh_boss_flashbang,ActorDataEffects
performer_apply_limit_effects,bh_bark_flash_1,bh_bark_flash_2,
performer_apply_limit,1,
performer_effects,count_plus_2,
target_effects,move_shuffle,add_1_blind,add_1_daze,combo_add_1_stun,end_combo,
element_end



element_start,bh_boss_finish_him,ActorDataSkill
m_IsFriendly,False,
launch_ranks,1,2,
target_ranks,1,2,3,
m_IsMultiHit,False,
m_CanBeRiposted,True,
m_AverageRankIgnored,False,
m_ValidActOutTypes,skill_before,skill_after,skill_additional,
token_ignores,til_piercing,til_ignore_block,
m_Tags,melee,bh_finish_him,
performer_buffs,bh_boss_target_stun_dmg_boost,
target_buffs,ignore_deathblow_resist_medium,
m_IsStallInvalidating,True,
m_AnyConditionIds,target_has_torso_target,bh_health_scared,
token_ignores,til_ignore_stealth,
element_end

element_start,bh_boss_finish_him,ActorDataStats
key_map,health_damage,health_damage_range,crit_chance,
add_stats,6,4,0.05,
element_end

element_start,bh_boss_finish_him,ActorDataEffects
performer_apply_limit_effects,bh_bark_finish_1,bh_bark_finish_2,bh_bark_finish_3,bh_bark_finish_4,bh_bark_finish_5,
performer_apply_limit,1,
performer_effects,count_minus_1,
target_effects,ignored_token_remove_1_block_plus,ignored_token_remove_1_block,
element_end



element_start,bh_boss_hurlbat,ActorDataSkill
m_IsFriendly,False,
launch_ranks,3,4,
target_ranks,1,2,3,4,
m_IsMultiHit,False,
m_CanBeRiposted,True,
m_AverageRankIgnored,False,
m_ValidActOutTypes,skill_before,skill_after,skill_additional,
token_ignores,til_combo_unavoidable,
m_Tags,ranged,combo_skill,bh_hurlbat,
performer_buffs,bh_boss_target_burn_dmg_boost,
m_IsStallInvalidating,True,
m_AnyConditionIds,target_has_torso_target,bh_health_scared,
token_ignores,til_ignore_stealth,
element_end

element_start,bh_boss_hurlbat,ActorDataStats
key_map,health_damage,health_damage_range,crit_chance,
add_stats,6,4,0.05,
element_end

element_start,bh_boss_hurlbat,ActorDataEffects
performer_apply_limit_effects,bh_bark_hurl_1,bh_bark_hurl_2,
performer_apply_limit,1,
performer_effects,count_minus_1,
target_effects,end_combo,ignored_token_remove_1_dodge_plus_if_target_combo,ignored_token_remove_1_dodge_if_target_combo,
element_end



element_start,bh_boss_no_escape,ActorDataSkill
m_IsFriendly,False,
launch_ranks,3,4,
target_ranks,3,4,
m_IsMultiHit,False,
m_Cooldown,4,
m_CanBeRiposted,True,
m_AverageRankIgnored,False,
m_ValidActOutTypes,skill_before,skill_after,skill_additional,
token_ignores,til_unavoidable,til_ignore_dodge,
m_Tags,ranged,bh_no_escape,
m_IsStallInvalidating,True,
m_AnyConditionIds,target_has_torso_target,bh_health_scared,
token_ignores,til_ignore_stealth,
element_end

element_start,bh_boss_no_escape,ActorDataStats
key_map,health_damage,health_damage_range,crit_chance,
add_stats,2,2,0.1,
element_end

element_start,bh_boss_no_escape,ActorDataEffects
performer_apply_limit_effects,bh_bark_escape_1,bh_bark_escape_2,
performer_apply_limit,1,
performer_effects,count_plus_2,
target_effects,add_1_stun,prime_combo,ignored_token_remove_1_dodge_plus,ignored_token_remove_1_dodge,
element_end



element_start,bh_boss_caltrops,ActorDataSkill
m_IsFriendly,False,
launch_ranks,1,2,3,4,
target_ranks,1,2,3,4,
m_Cooldown,6,
m_IsMultiHit,True,
m_CanBeRiposted,False,
m_AverageRankIgnored,False,
m_ValidActOutTypes,skill_before,skill_after,skill_additional,
m_Tags,ranged,combo_skill,bh_caltrops,
target_buffs,combo_ignore_30pct_bleed_resist,
m_IsStallInvalidating,True,
element_end
element_start,bh_boss_caltrops,ActorDataStats
key_map,health_damage,health_damage_range,crit_chance,
add_stats,1,1,0,
element_end
element_start,bh_boss_caltrops,ActorDataEffects
performer_apply_limit_effects,bh_bark_caltrops_1,bh_bark_caltrops_2,
performer_apply_limit,1,
target_effects,skill_dot_very_small_bleed,bh_caltrops_move_res_down_e,bh_caltrops_speed_down_e,
element_end



element_start,bh_boss_after_them,ActorDataSkill
m_IsFriendly,True,
m_IsFriendlySelfTargetValid,True,
launch_ranks,1,2,3,4,
target_ranks,1,2,3,4,
m_Cooldown,10000,
m_IsMultiHit,True,
m_AverageRankIgnored,False,
m_ValidActOutTypes,skill_before,skill_after,skill_block,
m_Tags,bh_bodyguard,
m_IsStallInvalidating,False,
m_AllConditionIds,bh_health_scared,
m_IsForced,True,
m_IsBlockPass,True,
element_end

element_start,bh_boss_after_them,ActorDataEffects
performer_effects,bh_summon_shared_pillager_melee,bh_summon_shared_pillager_firemouth,bh_summon_shared_pillager_firemouth,
target_effects,clear_corpse,
performer_after_target_effects,move_back_1,remove_all_dots,bh_standard_heal,bh_bark_after_them_1,
element_end


element_start,bh_boss_bodyguard,ActorDataSkill
m_IsFriendly,True,
m_IsFriendlySelfTargetValid,True,
launch_ranks,1,2,3,4,
m_IsMultiHit,False,
m_AverageRankIgnored,False,
m_ValidActOutTypes,skill_before,skill_after,skill_block,
m_Tags,bh_bodyguard,
m_IsStallInvalidating,False,
m_AllConditionIds,bh_health_scared,target_is_not_corpse,
m_Type,start_round,
element_end

element_start,bh_boss_bodyguard,ActorDataEffects
performer_apply_limit_effects,bh_bark_guard_1,bh_bark_guard_2,bh_bark_guard_3,bh_bark_guard_4,bh_bark_guard_5,
performer_apply_limit,1,
performer_effects,add_2_block,
element_end




element_start,bh_boss_collect_bounty,ResourceSkillInherit
Inherit,bh_collect_bounty
m_OverrideSfxSkill,bh_collect_bounty,
element_end

element_start,bh_boss_mark_for_death,ResourceSkillInherit
Inherit,bh_mark_for_death
m_OverrideSfxSkill,bh_mark_for_death,
element_end

element_start,bh_boss_come_hither,ResourceSkillInherit
Inherit,bh_come_hither
m_OverrideSfxSkill,bh_come_hither,
element_end

element_start,bh_boss_uppercut,ResourceSkillInherit
Inherit,bh_uppercut
m_OverrideSfxSkill,bh_uppercut,
element_end

element_start,bh_boss_flashbang,ResourceSkillInherit
Inherit,bh_flashbang
m_OverrideSfxSkill,bh_flashbang,
element_end

element_start,bh_boss_finish_him,ResourceSkillInherit
Inherit,bh_finish_him
m_OverrideSfxSkill,bh_finish_him,
element_end

element_start,bh_boss_hurlbat,ResourceSkillInherit
Inherit,bh_hurlbat
m_OverrideSfxSkill,bh_hurlbat,
element_end

element_start,bh_boss_no_escape,ResourceSkillInherit
Inherit,bh_no_escape
m_OverrideSfxSkill,bh_no_escape,
element_end

element_start,bh_boss_bodyguard,ResourceSkillInherit
Inherit,bh_bodyguard
m_OverrideSfxSkill,bh_bodyguard,
element_end

element_start,bh_boss_after_them,ResourceSkillInherit
Inherit,bh_mark_for_death
m_OverrideSfxSkill,bh_mark_for_death,
element_end

element_start,bh_boss_caltrops,ResourceSkillInherit
Inherit,bh_caltrops
m_OverrideSfxSkill,bh_caltrops,
element_end

##bh custom buffs and effects

element_start,performer_has_over_0_count,Condition
m_ConditionType,token_amount,
m_ConditionActorType,PERFORMER,
m_ConditionString,count,
m_IsVisible,False,
m_ConditionNumber,0,
m_ConditionNumberType,GREATER_THAN,
element_end

element_start,bh_boss_target_stun_dmg_boost,Buff
m_DurationType,skill_calculate,
m_DurationAmount,1,
m_ConditionId,target_is_stunned_or_dazed,
element_end
element_start,bh_target_stun_dmg_boost,ActorDataStats
key_map,health_damage_dealt_percent,
add_stats,0.25,
element_end

element_start,bh_combo_damage_boost_50pct,Buff
m_DurationType,skill_calculate,
m_DurationAmount,1,
m_ConditionId,target_is_combo_primed,
element_end
element_start,combo_damage_boost_50pct,ActorDataStats
key_map,health_damage_dealt_percent,
add_stats,0.33,
element_end

element_start,bh_boss_target_burn_dmg_boost,Buff
m_DurationType,skill_calculate,
m_DurationAmount,1,
m_ConditionId,target_has_burn_dot,
element_end
element_start,bh_target_burn_dmg_boost,ActorDataStats
key_map,health_damage_dealt_percent,
add_stats,0.25,
element_end

element_start,bh_summon_shared_pillager_melee,Effect
m_Chance,1,
m_SummonClassActorId,shared_pillager_melee,
m_SummonLocationType,FRONT,
m_SummonIfRoom,True,
element_end

element_start,bh_summon_shared_pillager_firemouth,Effect
m_Chance,1,
m_SummonClassActorId,shared_pillager_firemouth,
m_SummonLocationType,FRONT,
m_SummonIfRoom,True,
element_end

element_start,bh_summon_shared_pillager_firemouth_1,Effect
m_Chance,1,
m_SummonClassActorId,shared_pillager_firemouth,
m_SummonLocationType,FRONT,
m_SummonIfRoom,True,
element_end

element_start,performer_has_no_1_logic_a,Condition
m_ConditionType,token_amount,
m_ConditionActorType,PERFORMER,
m_ConditionString,logic_a,
m_IsVisible,False,
m_ConditionNumber,1,
m_ConditionNumberType,LESS_THAN,
element_end

element_start,bh_standard_heal,Effect
m_Chance,1,
m_HealthHealUpToPercent,0.35,
element_end