## bh item

element_start,bh_indictment,Item
m_type,currency,
m_maxQty,1,
m_combinable,False,
sub_type,deliverable,
m_possessionLimit,1,
m_usedInCombat,False,
m_usedInDriving,False,
m_usedInInn,False,
m_isConsumable,False,
m_buyCostId,
element_end



## bh spawn conditions

element_start,party_has_bh_indictment,Condition
m_ConditionType,item_amount,
m_ConditionString,bh_indictment,
m_ConditionNumber,1,
m_ConditionNumberType,EQUAL,
element_end




## bh loot table

element_start,bh_indictment,InnBonus
m_BonusLootTableIds,bh_indictment_all,
element_end

element_start,bh_indictment,Cost
m_ItemId,bh_indictment,
m_ItemQty,1,
element_end

element_start,bh_indictment_item,LootTable
m_chances,1,
m_qtys,1,
m_ids,bh_indictment,
m_types,item,
element_end

element_start,bh_indictment_all,LootTable
m_chances,1,
m_qtys,1,
m_ids,bh_indictment,
m_types,all_sub_table,
element_end

element_start,bh_indictment,LootTable
m_chances,1,1,
m_qtys,4,1,
m_ids,gold_lot,hero_point_two,
m_types,sub_table,sub_table,
m_tags,
m_conditions,
element_end



