element_start,brain,Boss
m_TypicalBiomeTypes,City,Forest,
m_SelectBiomeType,Valley,
m_EndBiomeType,MountainBrain,
m_IntroNarrationId,denial_intro_01,
m_OrderedMidNarrationIds,denial_lore_01,denial_lore_02,denial_lore_03,denial_lore_04,denial_lore_05,denial_lore_06,
m_RecurringMidNarrationIds,denial_lore_02,denial_lore_04,denial_lore_05,
m_OutroNarrationId,denial_outro_01,
m_PrefabSubdirectoryId,Denial,
boss_modifiers,brain_boss_typical_biome_1,brain_boss_typical_biome_2,brain_boss_typical_biome_3,
doom_reset_hero_effects,stress_damage_2,
doom_reset_actorless_effects,torch_damage_10,
m_AcademicsHonorariumLimit,5,
m_TorchLevelGroupId,brain,
m_IsRunGoalGenerating,True,
element_end
element_start,brain,RunDataStats
key_map,run_generation_number_of_typical_biomes,run_generation_number_of_optional_biomes,run_generation_optional_biome_chance,doom_min_value,doom_max_value,doom_default_value,doom_reset_value,doom_effect_number_of_nodes,hire_typical_biomes_min,hire_typical_biomes_max,hire_chance,
add_stats,2,0,0,0,4,0,0,6,0,1,0,
element_end
element_start,lungs,Boss
m_TypicalBiomeTypes,City,Forest,Farm,Coast,
m_OptionalBiomeTypes,Cave,
m_SelectBiomeType,Valley,
m_EndBiomeType,MountainLungs,
m_PrerequisiteBossVictoryIds,brain,
m_IntroNarrationId,resentment_intro_01,
m_OrderedMidNarrationIds,resentment_lore_01,resentment_lore_02,resentment_lore_03,resentment_lore_04,resentment_lore_05,resentment_lore_06,
m_RecurringMidNarrationIds,resentment_lore_01,resentment_lore_04,resentment_lore_05,
m_OutroNarrationId,resentment_outro_01,
m_PrefabSubdirectoryId,Resentment,
boss_modifiers,lungs_boss_typical_biome_1,lungs_boss_typical_biome_2,lungs_boss_typical_biome_3,
doom_reset_hero_effects,affinity_neg1_100pct_nocrit,
doom_reset_actorless_effects,torch_damage_10,
m_TorchLevelGroupId,lungs,
m_IsRunGoalGenerating,True,
element_end
element_start,lungs,RunDataStats
key_map,run_generation_number_of_typical_biomes,run_generation_number_of_optional_biomes,run_generation_optional_biome_chance,doom_min_value,doom_max_value,doom_default_value,doom_reset_value,doom_effect_number_of_nodes,hire_typical_biomes_min,hire_typical_biomes_max,hire_chance,
add_stats,3,1,0.5,0,4,0,0,5,0,2,0,
element_end
element_start,eyes,Boss
m_TypicalBiomeTypes,City,Forest,Farm,Coast,
m_OptionalBiomeTypes,Cave,
m_SelectBiomeType,Valley,
m_EndBiomeType,MountainEyes,
m_PrerequisiteBossVictoryIds,lungs,
m_IntroNarrationId,obsession_intro_01,
m_OrderedMidNarrationIds,obsession_lore_01,obsession_lore_02,obsession_lore_03,obsession_lore_04,obsession_lore_05,obsession_lore_06,
m_RecurringMidNarrationIds,obsession_lore_01,obsession_lore_04,obsession_lore_05,
m_OutroNarrationId,obsession_outro_01,
m_PrefabSubdirectoryId,Obsession,
boss_modifiers,eyes_boss_typical_biome_1,eyes_boss_typical_biome_2,eyes_boss_typical_biome_3,
doom_reset_hero_effects,add_1_quirk_obsession,
doom_reset_actorless_effects,torch_damage_10,
m_TorchLevelGroupId,eyes,
m_IsRunGoalGenerating,True,
element_end
element_start,eyes,RunDataStats
key_map,run_generation_number_of_typical_biomes,run_generation_number_of_optional_biomes,run_generation_optional_biome_chance,doom_min_value,doom_max_value,doom_default_value,doom_reset_value,doom_effect_number_of_nodes,hire_typical_biomes_min,hire_typical_biomes_max,hire_chance,
add_stats,3,1,0.5,0,4,0,0,5,0,2,0,
element_end
element_start,arms,Boss
m_TypicalBiomeTypes,City,Forest,Farm,Coast,
m_OptionalBiomeTypes,Cave,
m_SelectBiomeType,Valley,
m_EndBiomeType,MountainArms,
m_PrerequisiteBossVictoryIds,eyes,
m_IntroNarrationId,ambition_intro_01,
m_OrderedMidNarrationIds,ambition_lore_01,ambition_lore_02,ambition_lore_03,ambition_lore_04,ambition_lore_05,ambition_lore_06,
m_RecurringMidNarrationIds,ambition_lore_01,ambition_lore_04,ambition_lore_05,
m_OutroNarrationId,ambition_outro_01,
m_PrefabSubdirectoryId,Ambition,
boss_modifiers,arms_boss_typical_biome_1,arms_boss_typical_biome_2,arms_boss_typical_biome_3,
doom_reset_actorless_effects,torch_damage_10,remove_1_stagecoach_armor,remove_1_stagecoach_wheel,
m_TorchLevelGroupId,arms,
m_IsRunGoalGenerating,True,
element_end
element_start,arms,RunDataStats
key_map,run_generation_number_of_typical_biomes,run_generation_number_of_optional_biomes,run_generation_optional_biome_chance,doom_min_value,doom_max_value,doom_default_value,doom_reset_value,doom_effect_number_of_nodes,hire_typical_biomes_min,hire_typical_biomes_max,hire_chance,
add_stats,3,1,0.5,0,4,0,0,4,0,2,0,
element_end
element_start,body,Boss
m_TypicalBiomeTypes,City,Forest,Farm,Coast,
m_OptionalBiomeTypes,Cave,
m_SelectBiomeType,Valley,
m_EndBiomeType,MountainBody,
m_PrerequisiteBossVictoryIds,arms,
m_IntroNarrationId,cowardice_intro_01,
m_OrderedMidNarrationIds,cowardice_lore_01,cowardice_lore_02,cowardice_lore_03,cowardice_lore_04,cowardice_lore_05,cowardice_lore_06,
m_RecurringMidNarrationIds,cowardice_lore_01,cowardice_lore_04,cowardice_lore_05,
m_OutroNarrationId,cowardice_outro_01,
m_PrefabSubdirectoryId,Cowardice,
boss_modifiers,final_boss_typical_biome_1,final_boss_typical_biome_2,final_boss_typical_biome_3,final_boss_typical_biome_4,
doom_reset_hero_effects,add_cowardice_failure_debuff,
doom_reset_actorless_effects,torch_damage_10,
m_TorchLevelGroupId,body,
m_IsRunGoalGenerating,True,
element_end
element_start,body,RunDataStats
key_map,run_generation_number_of_typical_biomes,run_generation_number_of_optional_biomes,run_generation_optional_biome_chance,doom_min_value,doom_max_value,doom_default_value,doom_reset_value,doom_effect_number_of_nodes,hire_typical_biomes_min,hire_typical_biomes_max,hire_chance,
add_stats,3,1,0.5,0,4,0,0,4,0,2,0,
element_end

