## Custom effects
element_start,bh_boss_reprime_combo_chance,Effect
m_Chance,0.33,
m_TokenAddId,combo,
m_TokenAddAmount,1,
m_ShowValue,False,
all_conditions,target_is_combo_primed_hidden,
element_end

element_start,target_is_a_boss_enemy,Condition
m_ConditionType,tag,
m_ConditionActorType,TARGET,
m_ConditionString,boss,
m_IsVisible,True,
m_ConditionNumber,1,
m_ConditionNumberType,EQUAL,
element_end




element_start,trinket_bh_talon,Item
m_type,trinket,
m_possessionLimit,1,
m_maxQty,1,
m_combinable,False,
m_isConsumable,False,
sub_type,epic,
m_buyCostId,trinket_bh_talon_buy_cost,
m_DiscardGameScorePerQty,1,
element_end

element_start,trinket_bh_talon,ActorDataExternalBuffs
buffs,trinket_bh_talon_01,trinket_bh_talon_02,
element_end

element_start,trinket_bh_talon_buy_cost,Cost
m_ItemTag,faction,
m_ItemQty,1000,
element_end


element_start,trinket_bh_talon_01,Buff
m_DurationType,infinite,
m_ConditionId,target_is_combo_primed,
element_end
element_start,trinket_bh_talon_01,ActorDataEffects
on_hit_as_performer_to_target_effects,bh_boss_reprime_combo_chance,
element_end

element_start,trinket_bh_talon_02,Buff
m_DurationType,infinite,
element_end
element_start,trinket_bh_talon_02,ActorDataEffects
on_attack_as_performer_to_target_effects,auto_kill,auto_kill_bosses,
element_end

#effects custom
element_start,target_meets_auto_kill_thresh,Condition
m_ConditionType,health_percent,
m_ConditionActorType,TARGET,
m_ConditionNumber,0.33,
m_ConditionNumberType,LESS_THAN_OR_EQUAL,
element_end

element_start,boss_meets_auto_kill_thresh,Condition
m_ConditionType,health_percent,
m_ConditionActorType,TARGET,
m_ConditionNumber,0.15,
m_ConditionNumberType,LESS_THAN_OR_EQUAL,
element_end

element_start,target_is_not_cosmic,Condition
m_ConditionType,tag,
m_ConditionActorType,TARGET,
m_ConditionString,cosmic,
m_ConditionNumber,1,
m_ConditionNumberType,LESS_THAN,
element_end

element_start,target_is_a_boss,Condition
m_ConditionType,tag,
m_ConditionActorType,TARGET,
m_ConditionString,boss,
m_IsVisible,true,
m_ConditionNumber,1,
m_ConditionNumberType,GREATER_THAN_OR_EQUAL,
element_end

element_start,auto_kill,Effect
all_conditions,target_is_combo_primed,target_meets_auto_kill_thresh,target_is_not_cosmic,target_is_not_boss_hidden,
m_Chance,1,
m_IgnoreResist,True,
m_IsKill,True,
m_IsKillDeathClassValid,True,
m_IsVisible,True,
element_end

element_start,auto_kill_bosses,Effect
all_conditions,target_is_combo_primed,boss_meets_auto_kill_thresh,target_is_not_cosmic,target_is_a_boss,
m_Chance,1,
m_IgnoreResist,True,
m_IsKill,True,
m_IsKillDeathClassValid,True,
m_IsVisible,True,
element_end



element_start,trinket_bh_planned,Item
m_type,trinket,
m_possessionLimit,1,
m_maxQty,1,
m_combinable,False,
m_isConsumable,False,
sub_type,epic,
m_buyCostId,trinket_bh_planned_buy_cost,
m_DiscardGameScorePerQty,1,
element_end

element_start,trinket_bh_planned,ActorDataExternalBuffs
buffs,trinket_bh_planned_01,
element_end

element_start,trinket_bh_planned_buy_cost,Cost
m_ItemTag,faction,
m_ItemQty,1000,
element_end


element_start,trinket_bh_planned_01,Buff
m_DurationType,infinite,
m_ConditionId,target_is_a_boss_enemy,
element_end
element_start,trinket_bh_planned_01,ActorDataStats
key_map,health_damage_dealt_percent,crit_chance,
add_stats,0.2,0.1,
element_end	